species,apr
229E,8.695652174
HKU1,14.28571429
NL63,8.163265306
OC43,8.695652174
CoV2,NA