species,feb
229E,8.695652174
HKU1,14.28571429
NL63,28.57142857
OC43,26.08695652
CoV2,NA