species,jan
229E,4.347826087
HKU1,7.142857143
NL63,18.36734694
OC43,21.73913043
CoV2,NA