species,mar
229E,21.73913043
HKU1,7.142857143
NL63,16.32653061
OC43,19.56521739
CoV2,NA