species,may
229E,21.73913043
HKU1,7.142857143
NL63,4.081632653
OC43,4.347826087
CoV2,NA