species,sep
229E,4.347826087
HKU1,7.142857143
NL63,4.081632653
OC43,2.173913043
CoV2,NA