species,apr
229E,21.42857143
HKU1,3.225806452
NL63,6.25
OC43,6.194690265
CoV2,NA
