species,feb
229E,14.28571429
HKU1,25.80645161
NL63,22.91666667
OC43,6.194690265
CoV2,NA
