species,jul
229E,3.571428571
HKU1,1.612903226
NL63,3.125
OC43,2.654867257
CoV2,NA
