species,jun
229E,7.142857143
HKU1,1.612903226
NL63,4.166666667
OC43,1.769911504
CoV2,NA
