species,may
229E,7.142857143
HKU1,1.612903226
NL63,2.083333333
OC43,6.194690265
CoV2,NA
