species,oct
229E,3.571428571
HKU1,4.838709677
NL63,1.041666667
OC43,5.309734513
CoV2,NA
