species,sep
229E,3.571428571
HKU1,3.225806452
NL63,1.041666667
OC43,1.769911504
CoV2,NA
