species,apr
229E,21.15384615
HKU1,1.886792453
NL63,10.24096386
OC43,4
CoV2,NA
