species,aug
229E,1.923076923
HKU1,3.773584906
NL63,4.21686747
OC43,1
CoV2,NA
