species,dec
229E,3.846153846
HKU1,1.886792453
NL63,12.04819277
OC43,7
CoV2,NA
