species,feb
229E,7.692307692
HKU1,32.0754717
NL63,16.86746988
OC43,29
CoV2,NA
