species,jan
229E,1.923076923
HKU1,24.52830189
NL63,27.10843373
OC43,13
CoV2,NA
