species,jul
229E,1.923076923
HKU1,7.547169811
NL63,2.409638554
OC43,5
CoV2,NA
