species,jun
229E,1.923076923
HKU1,0.943396226
NL63,5.421686747
OC43,1
CoV2,NA
