species,mar
229E,36.53846154
HKU1,19.81132075
NL63,9.036144578
OC43,8
CoV2,NA
