species,may
229E,9.615384615
HKU1,1.886792453
NL63,4.21686747
OC43,7
CoV2,NA
