species,nov
229E,5.769230769
HKU1,3.773584906
NL63,4.819277108
OC43,14
CoV2,NA
