species,oct
229E,1.923076923
HKU1,0.943396226
NL63,3.012048193
OC43,10
CoV2,NA
