species,sep
229E,5.769230769
HKU1,0.943396226
NL63,0.602409639
OC43,1
CoV2,NA
