species,apr
229E,12.5
HKU1,8
NL63,3.448275862
OC43,1.538461538
CoV2,NA
