species,aug
229E,6.25
HKU1,4
NL63,13.79310345
OC43,1.538461538
CoV2,NA
