species,dec
229E,6.25
HKU1,16
NL63,3.448275862
OC43,38.46153846
CoV2,NA
