species,jan
229E,6.25
HKU1,12
NL63,3.448275862
OC43,13.84615385
CoV2,NA
