species,jul
229E,6.25
HKU1,8
NL63,10.34482759
OC43,1.538461538
CoV2,NA
