species,jun
229E,12.5
HKU1,4
NL63,6.896551724
OC43,1.538461538
CoV2,NA
