species,mar
229E,12.5
HKU1,4
NL63,3.448275862
OC43,4.615384615
CoV2,NA
