species,may
229E,6.25
HKU1,8
NL63,3.448275862
OC43,1.538461538
CoV2,NA
