species,nov
229E,6.25
HKU1,20
NL63,3.448275862
OC43,23.07692308
CoV2,NA
