species,oct
229E,6.25
HKU1,4
NL63,17.24137931
OC43,7.692307692
CoV2,NA
