species,sep
229E,6.25
HKU1,4
NL63,27.5862069
OC43,3.076923077
CoV2,NA
