species,apr
229E,8.888888889
HKU1,NA
NL63,7.446808511
OC43,3.225806452
CoV2,NA
