species,dec
229E,4.444444444
HKU1,NA
NL63,5.319148936
OC43,23.38709677
CoV2,NA
