species,feb
229E,11.11111111
HKU1,NA
NL63,34.04255319
OC43,17.74193548
CoV2,NA
