species,jan
229E,13.33333333
HKU1,NA
NL63,11.70212766
OC43,23.38709677
CoV2,NA
