species,jul
229E,4.444444444
HKU1,NA
NL63,4.255319149
OC43,1.612903226
CoV2,NA
