species,jun
229E,20
HKU1,NA
NL63,3.191489362
OC43,2.419354839
CoV2,NA
