species,mar
229E,13.33333333
HKU1,NA
NL63,20.21276596
OC43,7.258064516
CoV2,NA
