species,may
229E,13.33333333
HKU1,NA
NL63,9.574468085
OC43,1.612903226
CoV2,NA
