species,nov
229E,2.222222222
HKU1,NA
NL63,1.063829787
OC43,4.838709677
CoV2,NA
