species,oct
229E,2.222222222
HKU1,NA
NL63,1.063829787
OC43,9.677419355
CoV2,NA
