species,sep
229E,2.222222222
HKU1,NA
NL63,1.063829787
OC43,2.419354839
CoV2,NA
