species,apr
229E,9.452055119
HKU1,9.62742946
NL63,15.64566
OC43,3.002116733
CoV2,NA