species,dec
229E,2.246926772
HKU1,22.51571642
NL63,3.827194082
OC43,19.26377033
CoV2,NA