species,feb
229E,11.09668682
HKU1,14.65605113
NL63,41.64500557
OC43,32.65375228
CoV2,NA