species,jan
229E,8.547823349
HKU1,8.783759862
NL63,13.94664569
OC43,13.39718232
CoV2,NA