species,jun
229E,15.13013819
HKU1,0
NL63,1.8516653
OC43,0
CoV2,NA