species,mar
229E,7.308746458
HKU1,15.75404754
NL63,19.90076951
OC43,15.21048766
CoV2,NA