species,may
229E,18.50186994
HKU1,1.811569888
NL63,3.183059858
OC43,0
CoV2,NA