species,nov
229E,0
HKU1,26.85142569
NL63,0
OC43,14.69813427
CoV2,NA