species,apr
229E,22.22222222
HKU1,7.692307692
NL63,5
OC43,4.838709677
CoV2,NA
