species,aug
229E,3.703703704
HKU1,3.846153846
NL63,10
OC43,3.225806452
CoV2,NA
