species,dec
229E,3.703703704
HKU1,7.692307692
NL63,10
OC43,1.612903226
CoV2,NA
