species,jan
229E,7.407407407
HKU1,3.846153846
NL63,5
OC43,1.612903226
CoV2,NA
