species,jul
229E,3.703703704
HKU1,15.38461538
NL63,5
OC43,9.677419355
CoV2,NA
