species,jun
229E,3.703703704
HKU1,7.692307692
NL63,5
OC43,35.48387097
CoV2,NA
