species,mar
229E,3.703703704
HKU1,11.53846154
NL63,5
OC43,11.29032258
CoV2,NA
