species,nov
229E,11.11111111
HKU1,3.846153846
NL63,10
OC43,4.838709677
CoV2,NA
