species,oct
229E,22.22222222
HKU1,3.846153846
NL63,20
OC43,6.451612903
CoV2,NA
