species,sep
229E,11.11111111
HKU1,11.53846154
NL63,15
OC43,8.064516129
CoV2,NA
