species,apr
229E,10.55900621
NL63,4.823747681
OC43,3.755868545
