species,aug
229E,1.242236025
NL63,0.556586271
OC43,2.699530516
