species,dec
229E,15.52795031
NL63,23.00556586
OC43,34.97652582
