species,feb
229E,18.63354037
NL63,15.21335807
OC43,3.638497653
