species,jan
229E,14.9068323
NL63,17.81076067
OC43,11.61971831
