species,jul
229E,3.105590062
NL63,0.742115028
OC43,1.877934272
