species,jun
229E,5.590062112
NL63,0.556586271
OC43,2.699530516
