species,mar
229E,9.937888199
NL63,8.53432282
OC43,2.34741784
