species,may
229E,4.968944099
NL63,1.669758813
OC43,3.755868545
