species,nov
229E,6.832298137
NL63,19.48051948
OC43,23.4741784
