species,oct
229E,6.832298137
NL63,5.194805195
OC43,7.276995305
