species,sep
229E,1.863354037
NL63,2.41187384
OC43,1.877934272
