species,apr
229E,19.63153591
HKU1,10.13963465
NL63,2.735150971
OC43,7.375865957
CoV2,NA