species,dec
229E,3.440987437
HKU1,22.65146069
NL63,20.45073937
OC43,25.84394126
CoV2,NA