species,feb
229E,6.879789801
HKU1,10.37180661
NL63,15.57219884
OC43,10.40772145
CoV2,NA