species,jan
229E,9.851240318
HKU1,22.84753528
NL63,25.74438553
OC43,29.69681508
CoV2,NA