species,jul
229E,0
HKU1,3.533560015
NL63,2.998222106
OC43,0
CoV2,NA