species,jun
229E,3.357870948
HKU1,6.400403982
NL63,3.019889888
OC43,1.963898037
CoV2,NA