species,mar
229E,36.4472102
HKU1,10.27499298
NL63,8.214989631
OC43,4.044318317
CoV2,NA