species,may
229E,20.39136538
HKU1,10.30576121
NL63,9.237398042
OC43,12.4019855
CoV2,NA