species,nov
229E,0
HKU1,3.474844599
NL63,6.297233522
OC43,6.16533365
CoV2,NA