species,feb
229E,8.333333333
HKU1,7.692307692
NL63,4.761904762
OC43,20.58823529
CoV2,NA
