species,jul
229E,8.333333333
HKU1,7.692307692
NL63,4.761904762
OC43,2.941176471
CoV2,NA
