species,jun
229E,8.333333333
HKU1,15.38461538
NL63,23.80952381
OC43,2.941176471
CoV2,NA
