species,mar
229E,8.333333333
HKU1,7.692307692
NL63,14.28571429
OC43,8.823529412
CoV2,NA
