species,apr
229E,2.325581395
HKU1,7.5
NL63,3.703703704
OC43,3.333333333
CoV2,NA
