species,dec
229E,9.302325581
HKU1,17.5
NL63,7.407407407
OC43,18.33333333
CoV2,NA
