species,feb
229E,13.95348837
HKU1,5
NL63,3.703703704
OC43,11.66666667
CoV2,NA
