species,jan
229E,18.60465116
HKU1,25
NL63,29.62962963
OC43,5
CoV2,NA
