species,mar
229E,4.651162791
HKU1,7.5
NL63,7.407407407
OC43,6.666666667
CoV2,NA
