species,may
229E,2.325581395
HKU1,2.5
NL63,3.703703704
OC43,1.666666667
CoV2,NA
