species,nov
229E,16.27906977
HKU1,17.5
NL63,11.11111111
OC43,26.66666667
CoV2,NA
