species,oct
229E,23.25581395
HKU1,5
NL63,18.51851852
OC43,15
CoV2,NA
