species,apr
229E,8
HKU1,4.347826087
NL63,3.703703704
OC43,16
CoV2,NA
