species,dec
229E,4
HKU1,4.347826087
NL63,7.407407407
OC43,20
CoV2,NA
