species,feb
229E,36
HKU1,30.43478261
NL63,33.33333333
OC43,4
CoV2,NA
