species,jan
229E,16
HKU1,4.347826087
NL63,18.51851852
OC43,12
CoV2,NA
