species,mar
229E,8
HKU1,26.08695652
NL63,11.11111111
OC43,4
CoV2,NA
