species,may
229E,4
HKU1,4.347826087
NL63,3.703703704
OC43,8
CoV2,NA
