species,apr
229E,9.677419355
HKU1,3.333333333
NL63,2.43902439
OC43,6.796116505
CoV2,NA
