species,aug
229E,3.225806452
HKU1,2.222222222
NL63,17.07317073
OC43,0.970873786
CoV2,NA
