species,dec
229E,16.12903226
HKU1,6.666666667
NL63,2.43902439
OC43,4.854368932
CoV2,NA
