species,feb
229E,12.90322581
HKU1,31.11111111
NL63,2.43902439
OC43,23.30097087
CoV2,NA
