species,jan
229E,9.677419355
HKU1,28.88888889
NL63,2.43902439
OC43,12.62135922
CoV2,NA
