species,jul
229E,3.225806452
HKU1,1.111111111
NL63,1.219512195
OC43,2.912621359
CoV2,NA
