species,jun
229E,3.225806452
HKU1,4.444444444
NL63,1.219512195
OC43,12.62135922
CoV2,NA
