species,mar
229E,9.677419355
HKU1,7.777777778
NL63,1.219512195
OC43,13.59223301
CoV2,NA
