species,may
229E,6.451612903
HKU1,4.444444444
NL63,2.43902439
OC43,17.47572816
CoV2,NA
