species,nov
229E,16.12903226
HKU1,5.555555556
NL63,12.19512195
OC43,2.912621359
CoV2,NA
