species,oct
229E,6.451612903
HKU1,2.222222222
NL63,28.04878049
OC43,0.970873786
CoV2,NA
