species,apr
229E,7.692307692
HKU1,7.142857143
NL63,0
OC43,0
CoV2,NA