species,aug
229E,7.692307692
HKU1,0
NL63,10.52631579
OC43,0
CoV2,NA