species,dec
229E,0
HKU1,7.142857143
NL63,5.263157895
OC43,0
CoV2,NA