species,feb
229E,7.692307692
HKU1,7.142857143
NL63,15.78947368
OC43,29.72972973
CoV2,NA