species,jan
229E,7.692307692
HKU1,14.28571429
NL63,0
OC43,8.108108108
CoV2,NA