species,jul
229E,0
HKU1,7.142857143
NL63,0
OC43,2.702702703
CoV2,NA