species,jun
229E,15.38461538
HKU1,0
NL63,5.263157895
OC43,2.702702703
CoV2,NA