species,mar
229E,23.07692308
HKU1,35.71428571
NL63,10.52631579
OC43,45.94594595
CoV2,NA