species,nov
229E,0
HKU1,0
NL63,5.263157895
OC43,2.702702703
CoV2,NA