species,oct
229E,0
HKU1,14.28571429
NL63,10.52631579
OC43,5.405405405
CoV2,NA