species,sep
229E,7.692307692
HKU1,0
NL63,36.84210526
OC43,0
CoV2,NA