species,aug
229E,3.571428571
HKU1,1.612903226
NL63,1.041666667
OC43,0.884955752
CoV2,NA
