species,dec
229E,3.571428571
HKU1,20.96774194
NL63,15.625
OC43,25.66371681
CoV2,NA
