species,jan
229E,3.571428571
HKU1,11.29032258
NL63,21.875
OC43,22.12389381
CoV2,NA
