species,mar
229E,21.42857143
HKU1,4.838709677
NL63,14.58333333
OC43,6.194690265
CoV2,NA
