species,nov
229E,7.142857143
HKU1,19.35483871
NL63,6.25
OC43,15.04424779
CoV2,NA
