species,apr
229E,10
HKU1,22.72727273
NL63,4.444444444
OC43,0
CoV2,NA