species,aug
229E,50
HKU1,6.818181818
NL63,4.444444444
OC43,7.291666667
CoV2,NA