species,jan
229E,0
HKU1,6.818181818
NL63,11.11111111
OC43,3.125
CoV2,NA