species,jun
229E,0
HKU1,11.36363636
NL63,4.444444444
OC43,1.041666667
CoV2,NA