species,may
229E,40
HKU1,18.18181818
NL63,11.11111111
OC43,3.125
CoV2,NA