species,nov
229E,0
HKU1,0
NL63,13.33333333
OC43,36.45833333
CoV2,NA