species,oct
229E,0
HKU1,0
NL63,13.33333333
OC43,17.70833333
CoV2,NA