species,sep
229E,0
HKU1,4.545454545
NL63,8.888888889
OC43,6.25
CoV2,NA