species,dec
229E,9.090909091
HKU1,5.263157895
NL63,0
OC43,24.35897436
CoV2,NA