species,feb
229E,13.63636364
HKU1,57.89473684
NL63,0
OC43,12.82051282
CoV2,NA