species,jan
229E,4.545454545
HKU1,15.78947368
NL63,0
OC43,14.1025641
CoV2,NA