species,jul
229E,9.090909091
HKU1,0
NL63,16.66666667
OC43,0
CoV2,NA