species,mar
229E,9.090909091
HKU1,10.52631579
NL63,0
OC43,2.564102564
CoV2,NA