species,oct
229E,0
HKU1,0
NL63,16.66666667
OC43,10.25641026
CoV2,NA